<?xml version="1.0" encoding="UTF-8"?>
<c3p0-config>
    <default-config>
        <property name="driverClass">com.mysql.cj.jdbc.Driver</property>
        <property name="jdbcUrl">jdbc:mysql://localhost:3306/reboot</property>
        <property name="user">root</property>
        <property name="password">0325</property>
        <!-- 其他连接池参数配置 -->
        <property name="maxPoolSize" value="20"/>
        <property name="minPoolSize" value="5"/>
        <property name="maxIdleTime" value="1800"/>
    </default-config>
</c3p0-config>
